107.22.131.187,aws_tg_virginia,ubuntu
107.23.154.36,aws_tg_virginia,ubuntu
114.141.155.209,,tutorabc
114.141.155.210,,tutorabc
114.141.155.218,,tutorabc
172.16.7.218,,tutorabc
172.16.7.219,,tutorabc
172.16.7.220,,tutorabc
197.96.28.8,,root
197.96.28.80,,root
197.96.28.9,,root
207.20.44.208,,root
207.20.44.209,,root
207.20.44.210,,root
23.20.237.115,aws_tg_virginia,ubuntu
50.18.27.230,aws_tg_cal,ubuntu
52.10.96.151,aws_tg,ubuntu
52.201.187.118,aws_tg_virginia,ubuntu
52.204.1.63,aws_tg_virginia,ubuntu
52.207.217.29,aws_tg_virginia,ubuntu
52.207.241.102,aws_tg_virginia,ubuntu
52.23.206.252,aws_tg_virginia,ubuntu
52.23.207.191,aws_tg_virginia,ubuntu
52.23.219.110,aws_tg_virginia,ubuntu
52.23.230.245,aws_tg_virginia,ubuntu
52.24.208.192,smommileti,ubuntu
52.34.122.85,aws_tg,ubuntu
52.36.83.63,aws_tg_virginia,ubuntu
52.36.87.182,aws_tg,ubuntu
52.53.176.154,aws_tg_cal,ubuntu
52.53.176.177,aws_tg_cal,ubuntu
52.53.198.160,aws_tg_cal,ubuntu
52.53.208.73,aws_tg_cal,ubuntu
52.53.212.21,aws_tg_cal,ubuntu
52.53.236.198,aws_tg_cal,ubuntu
52.53.238.174,aws_tg_cal,ubuntu
52.53.242.85,aws_tg_cal,ubuntu
52.58.83.18,aws_tg_frankfurt,ubuntu
52.72.26.130,aws_tg_virginia,ubuntu
52.73.166.255,aws_tg_virginia,ubuntu
52.86.26.155,aws_tg_virginia,ubuntu
52.86.26.204,aws_tg_virginia,ubuntu
52.87.227.9,aws_tg_virginia,ubuntu
52.87.228.152,aws_tg_virginia,ubuntu
52.9.198.188,aws_tg_cal,ubuntu
52.9.207.180,aws_tg_cal,ubuntu
52.9.222.208,aws_tg_cal,ubuntu
52.9.225.246,aws_tg_cal,ubuntu
52.9.227.99,aws_tg_cal,ubuntu
52.90.188.119,aws_tg_virginia,ubuntu
52.91.113.186,aws_tg_virginia,ubuntu
54.152.144.147,aws_tg_virginia,ubuntu
54.152.173.114,aws_tg_virginia,ubuntu
54.152.18.169,aws_tg_virginia,ubuntu
54.152.255.50,aws_tg_virginia,ubuntu
54.153.10.46,aws_tg_cal,ubuntu
54.153.115.116,aws_tg_cal,ubuntu
54.153.120.190,aws_tg_cal,ubuntu
54.153.3.234,aws_tg_cal,ubuntu
54.153.73.99,aws_tg_cal,ubuntu
54.153.76.5,aws_tg_cal,ubuntu
54.153.89.111,aws_tg_cal,ubuntu
54.172.32.66,aws_tg_virginia,ubuntu
54.175.128.20,aws_tg_virginia,ubuntu
54.175.199.100,aws_tg_virginia,ubuntu
54.183.117.158,aws_tg_cal,ubuntu
54.183.118.144,aws_tg_cal,ubuntu
54.183.13.24,aws_tg_cal,ubuntu
54.183.138.62,aws_tg_cal,ubuntu
54.183.162.183,aws_tg_cal,ubuntu
54.183.187.73,aws_tg_cal,ubuntu
54.183.42.93,aws_tg_cal,ubuntu
54.208.20.27,aws_tg_virginia,ubuntu
54.222.130.243,tg_h2h,ubuntu
54.222.133.18,tg_h2h,ubuntu
54.222.140.252,tg_h2h,ubuntu
54.222.156.20,tg_h2h,ubuntu
54.222.170.81,tg_h2h,ubuntu
54.222.172.210,tg_h2h,ubuntu
54.222.176.219,tg_h2h,ubuntu
54.222.177.89,tg_h2h,ubuntu
54.222.196.222,tg_h2h,ubuntu
54.222.200.232,tg_h2h,ubuntu
54.222.203.168,tg_h2h,ubuntu
54.222.205.244,tg_h2h,ubuntu
54.222.207.218,tg_h2h,ubuntu
54.222.208.53,tg_h2h,ubuntu
54.222.220.219,tg_h2h,ubuntu
54.222.221.243,tg_h2h,ubuntu
54.222.225.217,tg_h2h,ubuntu
54.222.236.31,tg_h2h,ubuntu
54.223.61.41,tg_h2h,ubuntu
54.223.74.93,tg_h2h,ubuntu
54.237.214.57,aws_tg_virginia,ubuntu
54.67.5.254,aws_tg_cal,ubuntu
54.67.95.178,aws_tg_cal,ubuntu
54.88.55.145,aws_tg_virginia,ubuntu
61.220.62.29,,tutorabc
h2hadmin.liveh2h.com,aws_tg_cal,ubuntu
kms-dev.animedvd.net,aws_tg_cal,ubuntu
kms1.liveh2h.com,aws_tg_cal,ubuntu
kms2.liveh2h.com,tg_h2h,ubuntu
kms3.liveh2h.com,,tutorabc
kms6.liveh2h.com,,tutorabc
macpro,,huangyingw
meet1.liveh2h.com,aws_tg_cal,ubuntu
meet2.liveh2h.com,tg_h2h,ubuntu
meet3.liveh2h.com,,tutorabc
meet6.liveh2h.com,,tutorabc
mini,,root
mldonkey,,root
server,,root
thinkpad,,root
vbuntu,,root
vmac,,huangyingw
vserver,,root
webrtcdev.liveh2h.com,aws_tg_cal,ubuntu
wrt,,root
